,順位年末,検索ワード年末,URL年末,タイトル年末,順位佐賀,検索ワード佐賀,URL佐賀,タイトル佐賀,順位宮崎,検索ワード宮崎,URL宮崎,タイトル宮崎
0,1,年末,https://toyokeizai.net/articles/-/478171&sa=U&ved=2ahUKEwiXzon74Iv1AhXTc94KHSm_BcsQFnoECGQQAg&usg=AOvVaw3U-7Ilo6nKuI51i60LZONf,年末年始が暇すぎて困る人にお薦め｢ゲーム｣5選 - 東洋経済オンライン,1.0,佐賀,https://www.pref.saga.lg.jp/&sa=U&ved=2ahUKEwiDupH-4Iv1AhWHHHAKHTpbDmoQFnoECGMQAg&usg=AOvVaw0JBvNNerKykyA3WpGFMK-b,佐賀県,1.0,宮崎,https://www.pref.miyazaki.lg.jp/&sa=U&ved=2ahUKEwjH07KB4Yv1AhWUad4KHS5rAe8QFnoECGMQAg&usg=AOvVaw1Nzfb4gTV_z4CaFioj-1St,宮崎県[Miyazaki Prefecture]
1,2,年末,https://kotobank.jp/word/%25E5%25B9%25B4%25E6%259C%25AB-596063&sa=U&ved=2ahUKEwiXzon74Iv1AhXTc94KHSm_BcsQFnoECGMQAg&usg=AOvVaw0wMVleYHb4mWpOzxglMtpz,年末とは - コトバンク,2.0,佐賀,https://www.city.saga.lg.jp/&sa=U&ved=2ahUKEwiDupH-4Iv1AhWHHHAKHTpbDmoQFnoECGQQAg&usg=AOvVaw0-PkJWpGSfP9ZVACvPrzeG,佐賀市公式ホームページ,2.0,宮崎,https://www.miyazaki-city.tourism.or.jp/&sa=U&ved=2ahUKEwjH07KB4Yv1AhWUad4KHS5rAe8QFnoECGIQAg&usg=AOvVaw3x1O21XVp4S6mBW5xK_QnP,【公式】宮崎市観光サイト
2,3,年末,https://www.mhlw.go.jp/stf/seisakunitsuite/bunya/kansentaisaku.html&sa=U&ved=2ahUKEwiXzon74Iv1AhXTc94KHSm_BcsQFnoECGIQAg&usg=AOvVaw15Ss7p5gumlF6S5d-FnEaG,健康・医療年末年始の感染拡大防止へのご協力をお願いいたします！,3.0,佐賀,https://www.asobo-saga.jp/&sa=U&ved=2ahUKEwiDupH-4Iv1AhWHHHAKHTpbDmoQFnoECF4QAg&usg=AOvVaw24VD6nizenuabuaDeQexrP,あそぼーさが［公式］佐賀県観光連盟,3.0,宮崎,https://www.kanko-miyazaki.jp/&sa=U&ved=2ahUKEwjH07KB4Yv1AhWUad4KHS5rAe8QFnoECF8QAg&usg=AOvVaw1euaWRKxIt8UVV6SRCMizv,【公式】おすすめ宮崎観光スポット／みやざき観光情報「旬ナビ」
3,4,年末,https://www.nishitetsu.jp/newyear/&sa=U&ved=2ahUKEwiXzon74Iv1AhXTc94KHSm_BcsQFnoECFsQAg&usg=AOvVaw2w8IbERNs6melXKubU1xF7,年末年始のお知らせ - 西鉄グループ,4.0,佐賀,https://www.sagabai.com/&sa=U&ved=2ahUKEwiDupH-4Iv1AhWHHHAKHTpbDmoQFnoECGAQAg&usg=AOvVaw2-eeGNHXAFMNCC0YpN-Gud,佐賀市観光協会公式ポータルサイト サガバイドットコム [sagabai.com],4.0,宮崎,https://www.city.miyazaki.miyazaki.jp/&sa=U&ved=2ahUKEwjH07KB4Yv1AhWUad4KHS5rAe8QFnoECGAQAg&usg=AOvVaw3YIpirquivpBJlB16FOPyZ,宮崎市
4,5,年末,https://www.city.sayama.saitama.jp/shisei/shisetsu/shiyakusho/nenmatunensi.html&sa=U&ved=2ahUKEwiXzon74Iv1AhXTc94KHSm_BcsQFnoECGEQAg&usg=AOvVaw3OuhUaCrXKmO4MgyX2kMtF,公共施設の年末年始の休業日をお知らせします - 狭山市,5.0,佐賀,https://ja.wikipedia.org/wiki/%25E4%25BD%2590%25E8%25B3%2580%25E7%259C%258C&sa=U&ved=2ahUKEwiDupH-4Iv1AhWHHHAKHTpbDmoQFnoECGEQAg&usg=AOvVaw1kosd0IJH5E2C15dFFzBpm,佐賀県 - Wikipedia,5.0,宮崎,https://ja.wikipedia.org/wiki/%25E5%25AE%25AE%25E5%25B4%258E%25E7%259C%258C&sa=U&ved=2ahUKEwjH07KB4Yv1AhWUad4KHS5rAe8QFnoECGEQAg&usg=AOvVaw2-mqdeqDWS7frzVEfNOuA-,宮崎県 - Wikipedia
5,6,年末,https://www.city.yokohama.lg.jp/kurashi/sumai-kurashi/gomi-recycle/gomi/nenmatsunenshi.html&sa=U&ved=2ahUKEwiXzon74Iv1AhXTc94KHSm_BcsQFnoECGAQAg&usg=AOvVaw1L6MQZltBmCNhXRxhk_MKN,年末年始のごみと資源物の収集日程について - 横浜市,6.0,佐賀,https://www.jalan.net/kankou/410000/&sa=U&ved=2ahUKEwiDupH-4Iv1AhWHHHAKHTpbDmoQFnoECFoQAg&usg=AOvVaw1bxvC0WW2gVErSOkEA6L-1,佐賀の観光スポットランキングTOP10 - じゃらんnet,6.0,宮崎,https://www.miyazaki-airport.co.jp/&sa=U&ved=2ahUKEwjH07KB4Yv1AhWUad4KHS5rAe8QFnoECF4QAg&usg=AOvVaw0PwsoeCpjwPspbcKIHr3kl,宮崎ブーゲンビリア空港 / 宮崎空港ビル株式会社
6,7,年末,https://www.yamato-hd.co.jp/important/info_211223.html&sa=U&ved=2ahUKEwiXzon74Iv1AhXTc94KHSm_BcsQFnoECF8QAg&usg=AOvVaw1PlzrE3ygsLRKZjt3S7y_c,年末年始における荷物のお届けと一部営業所の休止・短縮営業 ...,7.0,佐賀,https://www.saga-s.co.jp/&sa=U&ved=2ahUKEwiDupH-4Iv1AhWHHHAKHTpbDmoQFnoECF8QAg&usg=AOvVaw3VAXjH-N4V-iQkvsRGbe89,佐賀新聞LiVE / The Saga Shimbun｜佐賀新聞社,7.0,宮崎,https://tenki.jp/forecast/9/48/&sa=U&ved=2ahUKEwjH07KB4Yv1AhWUad4KHS5rAe8QFnoECF0QAg&usg=AOvVaw0EzUTGdhDx-g6KJZ3Dh2hE,宮崎県の天気 - 日本気象協会 tenki.jp
7,8,年末,https://www.city.okayama.jp/kurashi/0000005242.html&sa=U&ved=2ahUKEwiXzon74Iv1AhXTc94KHSm_BcsQFnoECF4QAg&usg=AOvVaw0FVb7PMcLH_K4EKiwBktrm,年末・年始のごみ収集 | 岡山市,8.0,佐賀,https://www.saga-s.co.jp/articles/-/790769&sa=U&ved=2ahUKEwiDupH-4Iv1AhWHHHAKHTpbDmoQFnoECF0QAg&usg=AOvVaw1Jmw4wP_CIa_Ljr9dYpHBH,新型コロナ＞佐賀県内2人感染確認、12月30日発表,8.0,宮崎,https://www.miyakan-h.com/&sa=U&ved=2ahUKEwjH07KB4Yv1AhWUad4KHS5rAe8QFnoECFsQAg&usg=AOvVaw0X9H3d8oaD02KwgjIJxRgv,【公式】宮崎観光ホテル（最低価格保証）
8,9,年末,https://www.ohsho.co.jp/info/2021/post_69.html&sa=U&ved=2ahUKEwiXzon74Iv1AhXTc94KHSm_BcsQFnoECF0QAg&usg=AOvVaw3C7T8CKTRdIbSYoyviNnCB,年末年始の営業について | お知らせ | 餃子の王将,9.0,佐賀,https://www.saga-u.ac.jp/&sa=U&ved=2ahUKEwiDupH-4Iv1AhWHHHAKHTpbDmoQFnoECFwQAg&usg=AOvVaw2cYroCukNLOsWUfh62js8i,国立大学法人佐賀大学,9.0,宮崎,https://www.miyazaki-u.ac.jp/&sa=U&ved=2ahUKEwjH07KB4Yv1AhWUad4KHS5rAe8QFnoECFwQAg&usg=AOvVaw2H1rps24W3USM-MCXObyri,トップページ｜宮崎大学
9,10,年末,https://www.city.kawasaki.jp/300/page/0000122925.html&sa=U&ved=2ahUKEwiXzon74Iv1AhXTc94KHSm_BcsQFnoECFEQAg&usg=AOvVaw2nLGvntF-Ewr0Q37McLJrq,令和3年度 年末年始の資源物とごみの収集日程 - 川崎市,10.0,佐賀,https://www.post.japanpost.jp/cgi-zip/zipcode.php%3Fpref%3D41&sa=U&ved=2ahUKEwiDupH-4Iv1AhWHHHAKHTpbDmoQFnoECFsQAg&usg=AOvVaw2Nruav_Rs0XgiqCzn5QyXk,佐賀県の郵便番号,10.0,宮崎,https://www.the-miyanichi.co.jp/&sa=U&ved=2ahUKEwjH07KB4Yv1AhWUad4KHS5rAe8QFnoECFgQAg&usg=AOvVaw0dE9BeoEasPHNWUuClTL24,宮崎日日新聞 - Miyanichi e-press
10,11,年末,https://www.nta.go.jp/users/gensen/nencho/index.htm&sa=U&ved=2ahUKEwiXzon74Iv1AhXTc94KHSm_BcsQFnoECFwQAg&usg=AOvVaw1GR-MXH38icDHfQOE_zU0Z,年末調整がよくわかるページ（令和3年分） - 国税庁,11.0,佐賀,https://sagaprise.jp/&sa=U&ved=2ahUKEwiDupH-4Iv1AhWHHHAKHTpbDmoQFnoECFgQAg&usg=AOvVaw3-crp28b6zciuGpE83p0Ln,サガプライズ！｜おどろきの佐賀、ぞくぞく。,11.0,宮崎,https://rtrp.jp/locations/260/&sa=U&ved=2ahUKEwjH07KB4Yv1AhWUad4KHS5rAe8QFnoECFkQAg&usg=AOvVaw3HhBFn6eg0dXOo3k8vxloD,【2021最新】宮崎の人気スポットランキングTOP30 - RETRIP ...
11,12,年末,http://www.iwatekenkotsu.co.jp/nenmatsunenshi.html&sa=U&ved=2ahUKEwiXzon74Iv1AhXTc94KHSm_BcsQFnoECFoQAg&usg=AOvVaw3LFF6W-uiBvHom-XaTuFwO,年末年始 - 岩手県交通,12.0,佐賀,https://www.sagabank.co.jp/&sa=U&ved=2ahUKEwiDupH-4Iv1AhWHHHAKHTpbDmoQFnoECFkQAg&usg=AOvVaw10frk6-_9i4UjsF7IavhqS,佐賀銀行,12.0,宮崎,https://www.city.miyakonojo.miyazaki.jp/&sa=U&ved=2ahUKEwjH07KB4Yv1AhWUad4KHS5rAe8QFnoECFoQAg&usg=AOvVaw11l4p7CVhSFM0NH6zgfRw8,宮崎県都城市ホームページ トップページ
12,13,年末,http://www.city.wakayama.wakayama.jp/shisei/1009377/1025900/index.html&sa=U&ved=2ahUKEwiXzon74Iv1AhXTc94KHSm_BcsQFnoECFkQAg&usg=AOvVaw1wRE3bIU5VARSA9d7Y4SND,年末年始のお知らせ（令和3年〜令和4年） - 和歌山市,13.0,佐賀,https://news.yahoo.co.jp/articles/adfc0dcf3466f7d9257a099fc8a79b30c11224aa&sa=U&ved=2ahUKEwiDupH-4Iv1AhWHHHAKHTpbDmoQFnoECFcQAg&usg=AOvVaw2djlhwq4l1trMUgAkrAK9K,【速報】JR佐賀駅前の焼き肉店で火事 消火活動 ... - Yahoo!ニュース,13.0,宮崎,https://www.miyakoh.co.jp/&sa=U&ved=2ahUKEwjH07KB4Yv1AhWUad4KHS5rAe8QFnoECFYQAg&usg=AOvVaw2Vkq2Wae02A4_WaWXozy6b,トップページ｜宮崎交通
13,14,年末,https://www.city.nagoya.jp/kurashi/category/341-0-0-0-0-0-0-0-0-0.html&sa=U&ved=2ahUKEwiXzon74Iv1AhXTc94KHSm_BcsQFnoECFgQAg&usg=AOvVaw3_bxm2OMKNtSDSu2fH08lA,年末年始の業務のご案内（暮らしの情報） - 名古屋市,14.0,佐賀,https://www.city.karatsu.lg.jp/&sa=U&ved=2ahUKEwiDupH-4Iv1AhWHHHAKHTpbDmoQFnoECFYQAg&usg=AOvVaw3dhFHUuKxsyspIJ1-PjK6a,唐津市公式ホームページ,14.0,宮崎,https://www.23-1111.com/&sa=U&ved=2ahUKEwjH07KB4Yv1AhWUad4KHS5rAe8QFnoECFcQAg&usg=AOvVaw3NCHYo4CJ2rMmJmTyLlOMm,宮崎第一ホテル【公式】ホームページ｜ベストレート最安値保証
14,15,年末,https://www.city.osaka-izumi.lg.jp/kakukano/kousitu/apiruka/osirase/nenmatunensi.html&sa=U&ved=2ahUKEwiXzon74Iv1AhXTc94KHSm_BcsQFnoECFYQAg&usg=AOvVaw0y3g6kq7zKZLQoFvidFqPd,年末年始の業務 - 和泉市,15.0,佐賀,https://saga-agri.or.jp/&sa=U&ved=2ahUKEwiDupH-4Iv1AhWHHHAKHTpbDmoQFnoECFUQAg&usg=AOvVaw3pXWPlEXP99SIl1xrGo1xD,ホーム | 公益社団法人 佐賀県農業公社,15.0,宮崎,https://www.jma-net.go.jp/miyazaki/&sa=U&ved=2ahUKEwjH07KB4Yv1AhWUad4KHS5rAe8QFnoECFUQAg&usg=AOvVaw3IgEbWiM2pdPOPozcAxJQY,宮崎地方気象台 - 気象庁
15,16,年末,http://www.city.takatsuki.osaka.jp/hotnews/nenmatu.html&sa=U&ved=2ahUKEwiXzon74Iv1AhXTc94KHSm_BcsQFnoECFcQAg&usg=AOvVaw2j3AD8Gkpze_b20itUlxRL,年末年始における市の業務日程（令和3年12月〜令和4年1月） - 高槻市,16.0,佐賀,https://www.scshakyou.jp/&sa=U&ved=2ahUKEwiDupH-4Iv1AhWHHHAKHTpbDmoQFnoECFMQAg&usg=AOvVaw1YLY_FJ4XrtWEDHbnDG1Jz,佐賀市社会福祉協議会,16.0,宮崎,https://www.umk.co.jp/&sa=U&ved=2ahUKEwjH07KB4Yv1AhWUad4KHS5rAe8QFnoECFQQAg&usg=AOvVaw0wZC5GFaM14Uum4nBVqcVQ,トップページ｜UMKテレビ宮崎
16,17,年末,https://www.mbc.co.jp/news/article/2021122900053623.html&sa=U&ved=2ahUKEwiXzon74Iv1AhXTc94KHSm_BcsQFnoECFQQAg&usg=AOvVaw3LuvWZy6fbwH3xWAtCIv9F,MBCニュース | 年末の帰省ラッシュピーク 去年より乗車率増,17.0,佐賀,https://saga.keizai.biz/&sa=U&ved=2ahUKEwiDupH-4Iv1AhWHHHAKHTpbDmoQFnoECFQQAg&usg=AOvVaw3MS8LLWOt0zOiehjD_ZTPV,佐賀経済新聞 - 広域佐賀圏のビジネス＆カルチャーニュース,17.0,宮崎,https://www.umk.co.jp/news/&sa=U&ved=2ahUKEwjH07KB4Yv1AhWUad4KHS5rAe8QFnoECFMQAg&usg=AOvVaw1lfDgr1EN0LCVU5-qgr4PF,宮崎ニュースUMK
17,18,年末,https://www.kotsu.city.sendai.jp/bus/news/nenmatsu_nenshi/index_r03-r04.html&sa=U&ved=2ahUKEwiXzon74Iv1AhXTc94KHSm_BcsQFnoECFUQAg&usg=AOvVaw3b9rHlk5iiw1NQC0pn0zY-,令和3年度の年末年始（12/28〜1/4）のダイヤ・窓口業務等について,18.0,佐賀,https://ni-saga.nissan-dealer.jp/&sa=U&ved=2ahUKEwiDupH-4Iv1AhWHHHAKHTpbDmoQFnoECFEQAg&usg=AOvVaw242yf7xwxcDlnhgbk6hIkf,佐賀日産自動車株式会社,18.0,宮崎,https://www.miyazakicarferry.com/&sa=U&ved=2ahUKEwjH07KB4Yv1AhWUad4KHS5rAe8QFnoECFIQAg&usg=AOvVaw2Q3x5EL4jEbb293AcRpY6Q,【公式】宮崎カーフェリー
18,19,年末,https://www.city.mito.lg.jp/000271/000272/p014511.html&sa=U&ved=2ahUKEwiXzon74Iv1AhXTc94KHSm_BcsQFnoECFMQAg&usg=AOvVaw2hvVgzMwPPqX6GJEfeL4fo,年末年始の市の業務 | 水戸市ホームページ,19.0,佐賀,https://saga.karada.live/&sa=U&ved=2ahUKEwiDupH-4Iv1AhWHHHAKHTpbDmoQFnoECFAQAg&usg=AOvVaw1DDvo1ToclnrmR4PjVEYI2,佐賀県公式ウォーキングアプリ「SAGATOCO」,19.0,宮崎,https://www.post.japanpost.jp/cgi-zip/zipcode.php%3Fpref%3D45&sa=U&ved=2ahUKEwjH07KB4Yv1AhWUad4KHS5rAe8QFnoECFEQAg&usg=AOvVaw2wh65FrvHKZf3UlGTIoHLs,宮崎県の郵便番号
19,20,年末,https://www.city.osaka.lg.jp/kankyo/page/0000519901.html&sa=U&ved=2ahUKEwiXzon74Iv1AhXTc94KHSm_BcsQFnoECFIQAg&usg=AOvVaw1quXDeEEeGuPvG9Qv8X8Z5,年末年始のごみ収集について - 大阪市,20.0,佐賀,http://www.qsr.mlit.go.jp/sakoku/&sa=U&ved=2ahUKEwiDupH-4Iv1AhWHHHAKHTpbDmoQFnoECFIQAg&usg=AOvVaw2aKub96wEFdVLe6WB6T4H8,トップページ 佐賀国道事務所 - 国土交通省 九州地方整備局,20.0,宮崎,https://www.miyazaki-sports.or.jp/&sa=U&ved=2ahUKEwjH07KB4Yv1AhWUad4KHS5rAe8QFnoECFAQAg&usg=AOvVaw2GzaOcHcVeBI7BKqbeQ5xs,公益財団法人 宮崎市体育協会
20,21,年末,https://www3.nhk.or.jp/news/html/20211230/k10013409661000.html&sa=U&ved=2ahUKEwiXzon74Iv1AhXTc94KHSm_BcsQFnoECDoQAg&usg=AOvVaw3DI4h767x3QZToFAgf2Dvy,日経平均株価 終値 年末の株価としては32年ぶりの高い水準 - NHK.JP,21.0,佐賀,https://109cinemas.net/saga/&sa=U&ved=2ahUKEwiDupH-4Iv1AhWHHHAKHTpbDmoQFnoECE8QAg&usg=AOvVaw0OvFTcmdA-XF9c8I-qMtEf,上映スケジュール - 109シネマズ佐賀,21.0,宮崎,https://takachiho-kanko.info/&sa=U&ved=2ahUKEwjH07KB4Yv1AhWUad4KHS5rAe8QFnoECE8QAg&usg=AOvVaw0WQx4xlSbIuGGFbfefjPm_,宮崎県 高千穂の観光・宿泊・イベント情報 | 高千穂町観光 ...
21,22,年末,https://www.inageya.co.jp/info/newyear/&sa=U&ved=2ahUKEwiXzon74Iv1AhXTc94KHSm_BcsQFnoECE8QAg&usg=AOvVaw3qhfaWWXd-vEMyfksp4iB5,年末年始 営業のご案内 | いなげやホームページ,22.0,佐賀,https://jasaga.or.jp/&sa=U&ved=2ahUKEwiDupH-4Iv1AhWHHHAKHTpbDmoQFnoECE4QAg&usg=AOvVaw1-APsoDgIQnq4D3A710dLv,JAさが 佐賀県農業協同組合,22.0,宮崎,http://www.bunkahonpo.or.jp/cinema/&sa=U&ved=2ahUKEwjH07KB4Yv1AhWUad4KHS5rAe8QFnoECE4QAg&usg=AOvVaw1RVKAzYCtfpFWYFx4U7tAv,宮崎キネマ館  TOP・上映中
22,23,年末,https://www.city.chiyoda.lg.jp/koho/kuse/koho/nenmatsushisetsukyukanbi.html&sa=U&ved=2ahUKEwiXzon74Iv1AhXTc94KHSm_BcsQFnoECFAQAg&usg=AOvVaw3498-xjzhL4bTxOo-CRFsa,年末年始の区施設の休館日等 - 千代田区,23.0,佐賀,https://www.city.tosu.lg.jp/&sa=U&ved=2ahUKEwiDupH-4Iv1AhWHHHAKHTpbDmoQFnoECEwQAg&usg=AOvVaw3Avtn72KBS7sVaKuMgkkR7,鳥栖市ホームページ トップページ,23.0,宮崎,https://www.miyazaki-archive.jp/museum/&sa=U&ved=2ahUKEwjH07KB4Yv1AhWUad4KHS5rAe8QFnoECE0QAg&usg=AOvVaw10-O1-zSiCGi9E0Wpd-f0F,宮崎県総合博物館【みやはく】
23,24,年末,https://www.smbc.co.jp/kojin/time/index.html&sa=U&ved=2ahUKEwiXzon74Iv1AhXTc94KHSm_BcsQFnoECE4QAg&usg=AOvVaw3n0WQZFZ9H1NWXbDnwVVjq,年末年始営業のご案内 - 三井住友銀行,24.0,佐賀,https://www.sagatv.co.jp/news/archives/2021123008191&sa=U&ved=2ahUKEwiDupH-4Iv1AhWHHHAKHTpbDmoQFnoECE0QAg&usg=AOvVaw0p8lVBhHcDiOo7KUVrQmOY,【速報】JR佐賀駅前の焼き肉店で火事 消火活動続く ... - サガテレビ,24.0,宮崎,https://mrt.jp/localnews/&sa=U&ved=2ahUKEwjH07KB4Yv1AhWUad4KHS5rAe8QFnoECEwQAg&usg=AOvVaw3YxMUbRk-M9EJGOcjuz1Du,MRTニュース
24,25,年末,https://mainichi-kotoba.jp/enq-098&sa=U&ved=2ahUKEwiXzon74Iv1AhXTc94KHSm_BcsQFnoECE0QAg&usg=AOvVaw3cHKyqH_-MZEjJM_SSskaF,「年末」いつから？ | 毎日ことば,25.0,佐賀,https://www.city.saga-kashima.lg.jp/&sa=U&ved=2ahUKEwiDupH-4Iv1AhWHHHAKHTpbDmoQFnoECEsQAg&usg=AOvVaw0aUY83DrbwJ68dUzQsoeqy,鹿島市［佐賀県］,25.0,宮崎,https://f-miyazaki.jp/&sa=U&ved=2ahUKEwjH07KB4Yv1AhWUad4KHS5rAe8QFnoECEsQAg&usg=AOvVaw2i1uZ0o5Grnii_ZAU47hSZ,宮崎県福岡事務所
25,26,年末,https://www.city.meguro.tokyo.jp/smph/kurashi/shizen/gomi/nenmatsu_nenshi.html&sa=U&ved=2ahUKEwiXzon74Iv1AhXTc94KHSm_BcsQFnoECEwQAg&usg=AOvVaw1tSzUa4XIAM1RyJ9em4pjt,令和3年度 年末年始の資源回収・ごみ収集についてお知らせします,26.0,佐賀,https://saga-ab.jp/&sa=U&ved=2ahUKEwiDupH-4Iv1AhWHHHAKHTpbDmoQFnoECEkQAg&usg=AOvVaw18-nMvj5rlL2ojP9AkDm3c,佐賀ターミナルビル株式会社: トップ,26.0,宮崎,http://www.miyazaki-jc.or.jp/&sa=U&ved=2ahUKEwjH07KB4Yv1AhWUad4KHS5rAe8QFnoECEoQAg&usg=AOvVaw2DZnGbOPhb_-cwKBuzzSPT,一般社団法人宮崎青年会議所
26,27,年末,https://www2.sagawa-exp.co.jp/information/detail/181/&sa=U&ved=2ahUKEwiXzon74Iv1AhXTc94KHSm_BcsQFnoECEsQAg&usg=AOvVaw22S-BZEHjj_t-fqdHm3QON,年末年始期間中の集荷・配達業務のご案内 - 佐川急便,27.0,佐賀,http://www.saga-cci.or.jp/&sa=U&ved=2ahUKEwiDupH-4Iv1AhWHHHAKHTpbDmoQFnoECEoQAg&usg=AOvVaw3WugNAx321zYXMn-FZ4GAj,佐賀商工会議所,27.0,宮崎,https://miyazaki-aeonmall.com/&sa=U&ved=2ahUKEwjH07KB4Yv1AhWUad4KHS5rAe8QFnoECEgQAg&usg=AOvVaw3wMPgxuxYEXyAhbPOPI7pp,イオンモール宮崎公式ホームページ
27,28,年末,https://www.chugin.co.jp/news/209.html&sa=U&ved=2ahUKEwiXzon74Iv1AhXTc94KHSm_BcsQFnoECEoQAg&usg=AOvVaw1pGDEeTf8zQdI66jGMwLFw,年末年始の営業のご案内 | 中国銀行からのお知らせ,28.0,佐賀,https://www.scout.or.jp/saga/&sa=U&ved=2ahUKEwiDupH-4Iv1AhWHHHAKHTpbDmoQFnoECEgQAg&usg=AOvVaw3ALV_mlKTisTq5p--khKtk,ボーイスカウト佐賀県連盟,28.0,宮崎,https://www3.nhk.or.jp/lnews/miyazaki/&sa=U&ved=2ahUKEwjH07KB4Yv1AhWUad4KHS5rAe8QFnoECEkQAg&usg=AOvVaw2TxYtCFUEBHCRTvaZeFycC,NHK 宮崎県のニュース｜NHK NEWS WEB - NHK.JP
28,29,年末,https://www.weblio.jp/content/%25E5%25B9%25B4%25E6%259C%25AB&sa=U&ved=2ahUKEwiXzon74Iv1AhXTc94KHSm_BcsQFnoECEkQAg&usg=AOvVaw3gqEaUZUP70aVgV_NxXvZO,年末(ねんまつ)とは何？ Weblio辞書,29.0,佐賀,http://ciema.info/&sa=U&ved=2ahUKEwiDupH-4Iv1AhWHHHAKHTpbDmoQFnoECEcQAg&usg=AOvVaw2mQKR7Ud_bSy0sRw8-77Ot,シアター・シエマ,29.0,宮崎,https://news.yahoo.co.jp/articles/d22a305b1d88d15d148ac887845d94f12de1212d&sa=U&ved=2ahUKEwjH07KB4Yv1AhWUad4KHS5rAe8QFnoECEcQAg&usg=AOvVaw2x41NChUoHSwXN_ka__9v2,夜釣り中に転落か 宮崎港で水難事故 宮崎市の51歳男性が死亡
29,30,年末,https://www.nittsu.co.jp/hikkoshi/info/newyear.html&sa=U&ved=2ahUKEwiXzon74Iv1AhXTc94KHSm_BcsQFnoECEgQAg&usg=AOvVaw0p4dvbFB7lFBfX6ZPQwxQ8,年末年始のお取り扱いについて ｜引越しは日通 - 日本通運,30.0,佐賀,https://www.satofull.jp/static/kyusyu/saga.php&sa=U&ved=2ahUKEwiDupH-4Iv1AhWHHHAKHTpbDmoQFnoECEYQAg&usg=AOvVaw3V5G8Gi7ZrQjm37AA4yIDn,佐賀県(地域から探す) | ふるさと納税サイト「さとふる」,30.0,宮崎,http://miyazaki.doyu.jp/&sa=U&ved=2ahUKEwjH07KB4Yv1AhWUad4KHS5rAe8QFnoECEYQAg&usg=AOvVaw2psTltOgEe8lAN8onSutRe,宮崎県中小企業家同友会
30,31,年末,https://www.keihan.co.jp/traffic/news/newyear2022/&sa=U&ved=2ahUKEwiXzon74Iv1AhXTc94KHSm_BcsQFnoECEcQAg&usg=AOvVaw1b6nvTR8nMgN_1_3cm5pxp,年末年始の営業のご案内 - 京阪電車,31.0,佐賀,https://www.city.imari.saga.jp/&sa=U&ved=2ahUKEwiDupH-4Iv1AhWHHHAKHTpbDmoQFnoECEMQAg&usg=AOvVaw2fDyKsiKQQF9n5ShYlzEdI,トップページ/伊万里市,31.0,宮崎,https://www.facebook.com/miyazakipref.koho/&sa=U&ved=2ahUKEwjH07KB4Yv1AhWUad4KHS5rAe8QFnoECEUQAg&usg=AOvVaw0Ydhk5KJRAuFAjuCXGhZLM,宮崎県広報 - Home | Facebook
31,32,年末,https://www.city.himeji.lg.jp/castle/0000014856.html&sa=U&ved=2ahUKEwiXzon74Iv1AhXTc94KHSm_BcsQFnoECEYQAg&usg=AOvVaw1EaqvW6QEp8OxGAPiy9YVx,姫路城の年末年始の営業について - 姫路市,32.0,佐賀,https://www3.nhk.or.jp/lnews/saga/&sa=U&ved=2ahUKEwiDupH-4Iv1AhWHHHAKHTpbDmoQFnoECEUQAg&usg=AOvVaw3clRgWpA2TGCqyQBk1hJz2,NHK 佐賀県のニュース｜NHK NEWS WEB - NHK.JP,32.0,宮崎,https://www.discover-miyazaki.jp/&sa=U&ved=2ahUKEwjH07KB4Yv1AhWUad4KHS5rAe8QFnoECEQQAg&usg=AOvVaw27GsVCdZQ_pkut60CsqiVL,ディスカバー宮崎 - みやざき元気！“地産地消”推進県民会議
32,33,年末,https://www.seibutokorozawa-sc.jp/news/event_news/2112-2201_eigyojikan/&sa=U&ved=2ahUKEwiXzon74Iv1AhXTc94KHSm_BcsQFnoECEUQAg&usg=AOvVaw3frfuFt6WEgcoJ0bASSos5,年末年始営業時間のお知らせ｜イベント＆ニュース｜西武所沢S.C.,33.0,佐賀,https://houmukyoku.moj.go.jp/saga/&sa=U&ved=2ahUKEwiDupH-4Iv1AhWHHHAKHTpbDmoQFnoECEQQAg&usg=AOvVaw0mPGuAqC54frxU84Q5vf3m,佐賀地方法務局,33.0,宮崎,https://houmukyoku.moj.go.jp/miyazaki/&sa=U&ved=2ahUKEwjH07KB4Yv1AhWUad4KHS5rAe8QFnoECEMQAg&usg=AOvVaw1d4RtZLZbsL0jknaJyVKZk,宮崎地方法務局 - 法務省
33,34,年末,https://www.city.asahikawa.hokkaido.jp/700/723/724/d068048.html&sa=U&ved=2ahUKEwiXzon74Iv1AhXTc94KHSm_BcsQFnoECEQQAg&usg=AOvVaw02LQ7nDBlOmjkRijvl1fGp,年末年始の業務案内 | 旭川市,34.0,佐賀,https://www.sagakeiba.net/&sa=U&ved=2ahUKEwiDupH-4Iv1AhWHHHAKHTpbDmoQFnoECEIQAg&usg=AOvVaw2-MQDesgPNnyCggKAhcY8R,佐賀競馬（さがけいば）,34.0,宮崎,https://www.yamakataya.co.jp/miyazaki/&sa=U&ved=2ahUKEwjH07KB4Yv1AhWUad4KHS5rAe8QFnoECEIQAg&usg=AOvVaw1AN9NmJq_GFgjOhTZmJg5w,宮崎山形屋 | 山形屋 (やまかたや) グループ百貨店
34,35,年末,https://www.tobu-dept.jp/ikebukuro/event/detail/4373&sa=U&ved=2ahUKEwiXzon74Iv1AhXTc94KHSm_BcsQFnoECEMQAg&usg=AOvVaw19gPBH66xqUXpe_BReheq0,年末年始の営業時間のお知らせ｜イベントガイド｜東武百貨店,35.0,佐賀,https://www.lib.saga.saga.jp/&sa=U&ved=2ahUKEwiDupH-4Iv1AhWHHHAKHTpbDmoQFnoECEEQAg&usg=AOvVaw3SPa2PPTGjcdif4qR4ElGI,佐賀市立図書館,35.0,宮崎,https://www.florante.or.jp/&sa=U&ved=2ahUKEwjH07KB4Yv1AhWUad4KHS5rAe8QFnoECEEQAg&usg=AOvVaw2M4IzmUoi9JwEfDWSG2FjH,フローランテ宮崎＜宮崎・ガーデン・花・緑・イルミネーション ...
35,36,年末,https://www.city.fukuoka.lg.jp/shicho/koho/shisetsu/top.html&sa=U&ved=2ahUKEwiXzon74Iv1AhXTc94KHSm_BcsQFnoECEEQAg&usg=AOvVaw31DezrLhHpxhVvLDH6YvL8,福岡市 年末年始の各施設休館状況、区役所窓口案内,36.0,佐賀,https://mainichi.jp/saga/&sa=U&ved=2ahUKEwiDupH-4Iv1AhWHHHAKHTpbDmoQFnoECEAQAg&usg=AOvVaw3bWZEecNk4ORSfSwgXbfzI,佐賀 | 毎日新聞,36.0,宮崎,http://www.miyazaki-mu.ac.jp/&sa=U&ved=2ahUKEwjH07KB4Yv1AhWUad4KHS5rAe8QFnoECD8QAg&usg=AOvVaw3LQXOxcHfOMEhii08mFsfW,宮崎公立大学（MMU）
36,37,年末,https://www.city.suita.osaka.jp/home/soshiki/div-somu/koho/gyoumuannai.html&sa=U&ved=2ahUKEwiXzon74Iv1AhXTc94KHSm_BcsQFnoECEIQAg&usg=AOvVaw3zjiKGUKutE06JcbzErLmk,年末年始の市役所業務案内 - 医療機関、ごみ収集 - 吹田市,37.0,佐賀,https://www.mhlw.go.jp/kouseiroudoushou/shozaiannai/roudoukyoku/saga/&sa=U&ved=2ahUKEwiDupH-4Iv1AhWHHHAKHTpbDmoQFnoECD8QAg&usg=AOvVaw1m4Bq2tT8-9nisAai1Cv0S,佐賀県 - 厚生労働省,37.0,宮崎,https://www.city.saito.lg.jp/&sa=U&ved=2ahUKEwjH07KB4Yv1AhWUad4KHS5rAe8QFnoECEAQAg&usg=AOvVaw1m1aZN5bZqzL_ItV33whHA,総合トップ | 宮崎県西都市
37,38,年末,https://www.77bank.co.jp/nenmatsunenshi/&sa=U&ved=2ahUKEwiXzon74Iv1AhXTc94KHSm_BcsQFnoECEAQAg&usg=AOvVaw21kOsSvWraTqqfkzpQFLV1,年末年始における営業のご案内 | 七十七銀行,38.0,佐賀,https://www.police.pref.saga.jp/&sa=U&ved=2ahUKEwiDupH-4Iv1AhWHHHAKHTpbDmoQFnoECD4QAg&usg=AOvVaw193oYJmld05i-IQNaou64v,ホーム ｜ 佐賀県警察本部,38.0,宮崎,https://www.city.nichinan.lg.jp/&sa=U&ved=2ahUKEwjH07KB4Yv1AhWUad4KHS5rAe8QFnoECD4QAg&usg=AOvVaw3i7b5ABiuekmCtuDEwPqLE,日南市ホームページ
38,39,年末,https://www.551horai.co.jp/topics/1007/&sa=U&ved=2ahUKEwiXzon74Iv1AhXTc94KHSm_BcsQFnoECD8QAg&usg=AOvVaw1bZRN6XaygR8b2DI6Jr3lU,2021-22年 年末年始の営業時間 - 551蓬莱,39.0,佐賀,https://tenki.jp/forecast/9/44/&sa=U&ved=2ahUKEwiDupH-4Iv1AhWHHHAKHTpbDmoQFnoECD0QAg&usg=AOvVaw1lnYu2ZE4tOpMM4EOMH4SV,佐賀県の天気 - 日本気象協会 tenki.jp,39.0,宮崎,http://www.miyagin.co.jp/&sa=U&ved=2ahUKEwjH07KB4Yv1AhWUad4KHS5rAe8QFnoECDwQAg&usg=AOvVaw0Cy5PBgPOVChdkPm5SAa0w,宮崎銀行
39,40,年末,https://www.shimachu.co.jp/holiday/2021-2022.html&sa=U&ved=2ahUKEwiXzon74Iv1AhXTc94KHSm_BcsQFnoECD4QAg&usg=AOvVaw0Uy58b6f7xjZtoyLDBtzSQ,2021〜2022 年末年始営業時間のご案内 - 島忠ホームズ,40.0,佐賀,https://tabelog.com/saga/&sa=U&ved=2ahUKEwiDupH-4Iv1AhWHHHAKHTpbDmoQFnoECDsQAg&usg=AOvVaw2OsjAkSZ6A2VtYf6lt6zSD,佐賀でおすすめのグルメ・レストランガイド | 食べログ,40.0,宮崎,https://www.miyazaki-ebooks.jp/&sa=U&ved=2ahUKEwjH07KB4Yv1AhWUad4KHS5rAe8QFnoECD0QAg&usg=AOvVaw1BvtnqHG-q1oX6uAgZR4mF,ミヤザキイーブックス miyazaki ebooks 宮崎県の電子書籍サイト
40,41,年末,https://tenki.jp/forecaster/kumiko_yamaguchi/2021/12/28/15470.html&sa=U&ved=2ahUKEwiXzon74Iv1AhXTc94KHSm_BcsQFnoECD0QAg&usg=AOvVaw3u9KtLKproBXQu6lXnYRCf,九州 年末年始の天気 次の寒気の流れ込みは? - 日本気象協会,41.0,佐賀,https://www.saga-tamaya.co.jp/&sa=U&ved=2ahUKEwiDupH-4Iv1AhWHHHAKHTpbDmoQFnoECDwQAg&usg=AOvVaw3_HpyHmy8mQGPm41sym0UR,佐賀玉屋 | 佐賀で長年に渡り愛される百貨店,41.0,宮崎,https://www.miyazaki-shinpan.co.jp/&sa=U&ved=2ahUKEwjH07KB4Yv1AhWUad4KHS5rAe8QFnoECDoQAg&usg=AOvVaw2qClmtNAMbcRg2vw8toN_-,株式会社宮崎信販
41,42,年末,https://www.city.kurayoshi.lg.jp/gyousei/div/sangyou/kankyou/r997-copy-2/&sa=U&ved=2ahUKEwiXzon74Iv1AhXTc94KHSm_BcsQFnoECDwQAg&usg=AOvVaw3fRziv7MQ5711EpLtaU939,年末年始のごみ収集について(12月29日〜1月3日 - 倉吉市,42.0,佐賀,https://saga-museum.jp/sagajou/&sa=U&ved=2ahUKEwiDupH-4Iv1AhWHHHAKHTpbDmoQFnoECDoQAg&usg=AOvVaw0mez_weVfaOvw0MiP9qxl_,佐賀県立 佐賀城本丸歴史館 - 佐賀ミュージアムズ,42.0,宮崎,https://choice-miyazaki.com/&sa=U&ved=2ahUKEwjH07KB4Yv1AhWUad4KHS5rAe8QFnoECDsQAg&usg=AOvVaw2p4CnqEM4rjHZo2L5SOg8h,CHOICE ! ーみやざきではたらく！ 宮崎を第一志望にー
42,43,年末,https://www.pc-koubou.jp/magazine/60484&sa=U&ved=2ahUKEwiXzon74Iv1AhXTc94KHSm_BcsQFnoECA0QAg&usg=AOvVaw1T6zpJrAkmD4BNc0xj1gHj,パソコン工房 年末年始 おすすめ特集2022！,43.0,佐賀,https://saga.visit-town.com/&sa=U&ved=2ahUKEwiDupH-4Iv1AhWHHHAKHTpbDmoQFnoECDkQAg&usg=AOvVaw2jTncV8bvAdiF0KZnbGt1F,VISIT佐賀県,43.0,宮崎,https://www.tegevajaro.com/&sa=U&ved=2ahUKEwjH07KB4Yv1AhWUad4KHS5rAe8QFnoECDkQAg&usg=AOvVaw0GHK1LHpSLg-G_htvPIoC8,テゲバジャーロ宮崎−オフィシャルサイト
43,44,年末,https://www.city.matsudo.chiba.jp/kurashi/gomi_shinyou/oshirase/nenmatusyusyu.html&sa=U&ved=2ahUKEwiXzon74Iv1AhXTc94KHSm_BcsQFnoECDsQAg&usg=AOvVaw1bSyq8ZWXxiSK1NAoOytYr,年末年始のごみ収集・し尿のくみ取り・家庭ごみコールセンター ...,44.0,佐賀,https://www.saga-ebooks.jp/&sa=U&ved=2ahUKEwiDupH-4Iv1AhWHHHAKHTpbDmoQFnoECDgQAg&usg=AOvVaw1NrzS8_n25ZkUcpDt4kG1E,佐賀イーブックス,44.0,宮崎,https://miyazaki.mypl.net/&sa=U&ved=2ahUKEwjH07KB4Yv1AhWUad4KHS5rAe8QFnoECDgQAg&usg=AOvVaw2Wx-m30CIpc4_OaQGqjpHn,宮崎の地域情報サイト｜まいぷれ[宮崎]
44,45,年末,http://www.city.fukui.lg.jp/sisei/kohou/hp/2019-2020.html&sa=U&ved=2ahUKEwiXzon74Iv1AhXTc94KHSm_BcsQFnoECDkQAg&usg=AOvVaw3fDVzE2x6U4sQaDAnWwtyo,年末年始のご案内 | 福井市ホームページ,45.0,佐賀,http://www.sagaelec.co.jp/&sa=U&ved=2ahUKEwiDupH-4Iv1AhWHHHAKHTpbDmoQFnoECDcQAg&usg=AOvVaw0lmwxVk5hzIeVxgFiyQzf0,佐賀エレクトロニックス株式会社,45.0,宮崎,http://miyazaki-pref-yado.jp/&sa=U&ved=2ahUKEwjH07KB4Yv1AhWUad4KHS5rAe8QFnoECDcQAg&usg=AOvVaw3MLkWhV7iQ35VTkCzoCzlj,宮崎で人気の宿180選
45,46,年末,https://www.city.niiza.lg.jp/soshiki/15/nennmatsunennshi.html&sa=U&ved=2ahUKEwiXzon74Iv1AhXTc94KHSm_BcsQFnoECDcQAg&usg=AOvVaw2c9UD-dQlCvRca4by3UxUK,年末・年始のごみ収集・環境センターへの直接搬入について - 新座市,46.0,佐賀,https://gotoeat-saga.jp/&sa=U&ved=2ahUKEwiDupH-4Iv1AhWHHHAKHTpbDmoQFnoECDYQAg&usg=AOvVaw1btgkJblXJL0ftr6i1RrV0,Go To Eatキャンペーン SAGAおいし〜と食事券,46.0,宮崎,https://www.miyaben.jp/&sa=U&ved=2ahUKEwjH07KB4Yv1AhWUad4KHS5rAe8QFnoECDYQAg&usg=AOvVaw32WT9HT3hvjaTXRQ47pN6G,宮崎県弁護士会
46,47,年末,https://www.monster-strike.com/news/20211228_7.html&sa=U&ved=2ahUKEwiXzon74Iv1AhXTc94KHSm_BcsQFnoECDgQAg&usg=AOvVaw1gylfMc_zkXqnlJRTSfNNt,【年末年始キャンペーン'21-'22】「モンスト年越し＆お正月 ...,47.0,佐賀,https://www.kys-newotani.co.jp/saga/&sa=U&ved=2ahUKEwiDupH-4Iv1AhWHHHAKHTpbDmoQFnoECDUQAg&usg=AOvVaw1j1wO-J8m54Ct10FD2kg4P,ホテルニューオータニ佐賀,47.0,宮崎,https://www.miyazakibunkahall.jp/&sa=U&ved=2ahUKEwjH07KB4Yv1AhWUad4KHS5rAe8QFnoECDUQAg&usg=AOvVaw3UGFRCuD28vzXWDPy72BVx,宮崎市民文化ホール
47,48,年末,https://www.jr-odekake.net/navi/nenmatsu_osusume/&sa=U&ved=2ahUKEwiXzon74Iv1AhXTc94KHSm_BcsQFnoECDYQAg&usg=AOvVaw0f1XBI_JTzp540Ww9_tAeM,年末年始期間のおすすめ情報 - JRおでかけネット,48.0,佐賀,https://www.tosyo-saga.jp/&sa=U&ved=2ahUKEwiDupH-4Iv1AhWHHHAKHTpbDmoQFnoECDMQAg&usg=AOvVaw22ijuEUETMx9yRYT-oupnM,佐賀県立図書館-県立トップページ,48.0,宮崎,http://www.miyazaki-group.com/&sa=U&ved=2ahUKEwjH07KB4Yv1AhWUad4KHS5rAe8QFnoECDQQAg&usg=AOvVaw0tRwJWgQiW1bDMxNoikHFP,株式会社宮崎商店
48,49,年末,https://www.city.higashiosaka.lg.jp/0000031849.html&sa=U&ved=2ahUKEwiXzon74Iv1AhXTc94KHSm_BcsQFnoECDUQAg&usg=AOvVaw2i4CrniQVaW9Xx-cesQnDp,年末年始の家庭ごみ・資源ごみなどの収集について | 東大阪市,49.0,佐賀,http://www.sagashin.co.jp/&sa=U&ved=2ahUKEwiDupH-4Iv1AhWHHHAKHTpbDmoQFnoECDIQAg&usg=AOvVaw1yRP_UNfje1OrnRvH1q2d2,佐賀信用金庫,49.0,宮崎,https://rest.miyachiku.jp/&sa=U&ved=2ahUKEwjH07KB4Yv1AhWUad4KHS5rAe8QFnoECDMQAg&usg=AOvVaw29pfAr1eBVciur9ajC3AX6,宮崎牛・宮崎ブランドポークの専門店｜ミヤチクのレストラン
49,50,年末,https://www.city.tsukuba.lg.jp/kurashi/anshin/kyubyo/1008949.html&sa=U&ved=2ahUKEwiXzon74Iv1AhXTc94KHSm_BcsQFnoECDQQAg&usg=AOvVaw0b-IHIVIg6uUjV1-t6H47f,年末年始・1月休日当番医 - つくば市,50.0,佐賀,http://www.asahi.com/area/saga/&sa=U&ved=2ahUKEwiDupH-4Iv1AhWHHHAKHTpbDmoQFnoECDQQAg&usg=AOvVaw2gHNkQrDe7O_3S824_0CVQ,地域 - 佐賀ニュース - 朝日新聞デジタル,50.0,宮崎,https://www.nitorimall.jp/miyazaki/&sa=U&ved=2ahUKEwjH07KB4Yv1AhWUad4KHS5rAe8QFnoECDIQAg&usg=AOvVaw2pHZ9LRdDpMzrebzFru9RD,ニトリモール宮崎
50,51,年末,https://www.iyobank.co.jp/news/2021/202112-neneigyo.html&sa=U&ved=2ahUKEwiXzon74Iv1AhXTc94KHSm_BcsQFnoECDMQAg&usg=AOvVaw39FlmrsOb472B2cjUd1ARq,年末年始の営業状況のお知らせ｜2021年｜伊予銀行,51.0,佐賀,https://www.sagajikan.com/&sa=U&ved=2ahUKEwiDupH-4Iv1AhWHHHAKHTpbDmoQFnoECDEQAg&usg=AOvVaw0SO8m0joewVbv3OqvEPnUI,佐賀県地域づくり公式サイトさがじかん,51.0,宮崎,https://www.kaiho.mlit.go.jp/10kanku/miyazaki/&sa=U&ved=2ahUKEwjH07KB4Yv1AhWUad4KHS5rAe8QFnoECDEQAg&usg=AOvVaw0TApw-zS_3hENgJSLUCApS,宮崎海上保安部
51,52,年末,https://www.city.miki.lg.jp/soshiki/23/18365.html&sa=U&ved=2ahUKEwiXzon74Iv1AhXTc94KHSm_BcsQFnoECDIQAg&usg=AOvVaw24PmGS45Mtxgnj00qWUMys,年末ごみ特別収集のお知らせ - 三木市ホームページ,52.0,佐賀,https://www.saga-jimin.com/&sa=U&ved=2ahUKEwiDupH-4Iv1AhWHHHAKHTpbDmoQFnoECDAQAg&usg=AOvVaw0M097g7iUo0V4M20R3B8NS,自由民主党｜佐賀県連,52.0,宮崎,https://cosmoland.miyabunkyo.com/&sa=U&ved=2ahUKEwjH07KB4Yv1AhWUad4KHS5rAe8QFnoECC8QAg&usg=AOvVaw0RkFzndzUkM95R4KOzyUIo,宮崎科学技術館 - ホーム
52,53,年末,https://www.izumi.jp/nenmatsunenshi_opentime&sa=U&ved=2ahUKEwiXzon74Iv1AhXTc94KHSm_BcsQFnoECDEQAg&usg=AOvVaw0MCY2MBdFqG6apNY8OrH_g,年末年始営業時間｜イズミ・ゆめタウン公式サイト,53.0,佐賀,http://www.sagayaku.or.jp/&sa=U&ved=2ahUKEwiDupH-4Iv1AhWHHHAKHTpbDmoQFnoECC8QAg&usg=AOvVaw1MwbUPslleoeBiGbRznZfg,一般社団法人 佐賀県薬剤師会,53.0,宮崎,https://www.anahirmiyazaki.com/&sa=U&ved=2ahUKEwjH07KB4Yv1AhWUad4KHS5rAe8QFnoECC4QAg&usg=AOvVaw2FQ8rhmfhMRm_i9wy3KvOl,ANA ホリデイ・イン リゾート 宮崎: ＜公式サイト＞宮崎県宮崎市 ...
53,54,年末,https://www.aeon.jp/sc/dainichi/info/detail/info_343729.html&sa=U&ved=2ahUKEwiXzon74Iv1AhXTc94KHSm_BcsQFnoECDAQAg&usg=AOvVaw3PPOrVEwIHSbGfx_yKTYLA,[2021-2022] 年末年始 営業時間のご案内 - イオン,54.0,佐賀,https://shinpoo.jp/&sa=U&ved=2ahUKEwiDupH-4Iv1AhWHHHAKHTpbDmoQFnoECC4QAg&usg=AOvVaw2Kq_PBowWs5Oho5RuThe3Q,公益財団法人 佐賀市文化振興財団,54.0,宮崎,https://tabelog.com/miyazaki/&sa=U&ved=2ahUKEwjH07KB4Yv1AhWUad4KHS5rAe8QFnoECDAQAg&usg=AOvVaw2NkKY3529eUelx573Obb5G,宮崎でおすすめのグルメ・レストランガイド | 食べログ
54,55,年末,https://www.aeon-hokkaido.jp/time/&sa=U&ved=2ahUKEwiXzon74Iv1AhXTc94KHSm_BcsQFnoECC8QAg&usg=AOvVaw1I-5FPXctS0HTsxP203Jow,年末年始営業時間変更のお知らせ | イオン北海道株式会社,55.0,佐賀,https://www.kokusen.go.jp/map/ncac_map41.html&sa=U&ved=2ahUKEwiDupH-4Iv1AhWHHHAKHTpbDmoQFnoECC0QAg&usg=AOvVaw2N1WHBNAFWF71O1UP07MbM,佐賀県の消費生活センター,55.0,宮崎,https://www.miyazaki-city-zoo.jp/&sa=U&ved=2ahUKEwjH07KB4Yv1AhWUad4KHS5rAe8QFnoECC0QAg&usg=AOvVaw0yyypftCq2ncQafPIspxjD,宮崎市フェニックス自然動物園＜宮崎の動物園・遊園地・流れる ...
55,56,年末,https://www.city.kitakyushu.lg.jp/kankyou/00800170.html&sa=U&ved=2ahUKEwiXzon74Iv1AhXTc94KHSm_BcsQFnoECC4QAg&usg=AOvVaw20iV9C_2plRdwFjFQHCJT6,令和3年度 年末年始のごみ・し尿収集について - 北九州市,56.0,佐賀,http://www.bus.saga.saga.jp/&sa=U&ved=2ahUKEwiDupH-4Iv1AhWHHHAKHTpbDmoQFnoECCwQAg&usg=AOvVaw1osrviQF5oU-qF9RLzxezB,佐賀市営バス：佐賀市交通局,56.0,宮崎,https://www.town.miyazaki-misato.lg.jp/&sa=U&ved=2ahUKEwjH07KB4Yv1AhWUad4KHS5rAe8QFnoECCwQAg&usg=AOvVaw2Tn78XmWIxNCTYPCAOnVPH,宮崎県美郷町ホームページ
56,57,年末,https://www.aflac.co.jp/info/closing_ny.html&sa=U&ved=2ahUKEwiXzon74Iv1AhXTc94KHSm_BcsQFnoECC0QAg&usg=AOvVaw0LucEJU93QnUsOi50tP46G,年末年始休業期間のお知らせ - アフラック,57.0,佐賀,https://aruko.saga.jp/&sa=U&ved=2ahUKEwiDupH-4Iv1AhWHHHAKHTpbDmoQFnoECCsQAg&usg=AOvVaw13QUn_OmN2VcAoYuxiiyk9,歩こう。佐賀県。,57.0,宮崎,https://miyazaki.keizai.biz/&sa=U&ved=2ahUKEwjH07KB4Yv1AhWUad4KHS5rAe8QFnoECCsQAg&usg=AOvVaw03LQQd9WY0pN01sEJ-UpP3,ひなた宮崎経済新聞 - 広域宮崎圏のビジネス＆カルチャーニュース
57,58,年末,https://taneya.jp/news/2021/12/nenmatsu.html&sa=U&ved=2ahUKEwiXzon74Iv1AhXTc94KHSm_BcsQFnoECCsQAg&usg=AOvVaw39Yz_o4F9ZTbpWvS1Y3qsb,年末年始営業のご案内｜お知らせ - たねやグループ,58.0,佐賀,http://sagachuokai.saga-ja.jp/&sa=U&ved=2ahUKEwiDupH-4Iv1AhWHHHAKHTpbDmoQFnoECCkQAg&usg=AOvVaw008WK-QKcwIaTV9bym-iZF,JA佐賀中央会,58.0,宮崎,https://nassy.hinata-miyazaki.jp/&sa=U&ved=2ahUKEwjH07KB4Yv1AhWUad4KHS5rAe8QFnoECCoQAg&usg=AOvVaw0LWyG26MIE4fmD6WHnVnPW,宮崎県×ナッシー「ナッシーリゾートin宮崎」
58,59,年末,https://gbp.minamimachida-grandberrypark.com/event/detail/%3Fcd%3D000514&sa=U&ved=2ahUKEwiXzon74Iv1AhXTc94KHSm_BcsQFnoECCwQAg&usg=AOvVaw2Ameb65bpXBd6HT3OVOVTN,2021〜2022年 年末年始の営業時間について - グランベリーパーク,59.0,佐賀,https://www.izumi.jp/tenpo/saga&sa=U&ved=2ahUKEwiDupH-4Iv1AhWHHHAKHTpbDmoQFnoECCoQAg&usg=AOvVaw3_O1vFJwluYfcSJoG5EezU,ゆめタウン佐賀｜イズミ・ゆめタウン公式サイト｜佐賀県佐賀市,59.0,宮崎,https://www.mapion.co.jp/map/admi45.html&sa=U&ved=2ahUKEwjH07KB4Yv1AhWUad4KHS5rAe8QFnoECCkQAg&usg=AOvVaw2YOFAzGpldMHq46PVYlm8r,宮崎県 都道府県から地図を検索 - マピオン
59,60,年末,https://www.city.inzai.lg.jp/0000011827.html&sa=U&ved=2ahUKEwiXzon74Iv1AhXTc94KHSm_BcsQFnoECCoQAg&usg=AOvVaw3vRGFobg2O-6TeKjP9-91f,年末年始のごみ収集のお知らせ | 印西市ホームページ,60.0,佐賀,https://rengo-saga.jp/&sa=U&ved=2ahUKEwiDupH-4Iv1AhWHHHAKHTpbDmoQFnoECCgQAg&usg=AOvVaw0RerAiOiAwAfhxRL1QxT6h,連合佐賀,60.0,宮崎,http://www.mcc-9.jp/&sa=U&ved=2ahUKEwjH07KB4Yv1AhWUad4KHS5rAe8QFnoECCgQAg&usg=AOvVaw2Bh4U_TDEGU_sn2XjP_TKy,セントラルシネマ宮崎 - トップ
60,61,年末,http://www.miyagin.co.jp/attention/atm/index.html&sa=U&ved=2ahUKEwiXzon74Iv1AhXTc94KHSm_BcsQFnoECCkQAg&usg=AOvVaw2XT0GzmWiFJh5niJ_jp6_R,年末年始「ATM・店舗営業」のご案内 - 宮崎銀行,61.0,佐賀,https://www.sinko-saga.jp/&sa=U&ved=2ahUKEwiDupH-4Iv1AhWHHHAKHTpbDmoQFnoECCcQAg&usg=AOvVaw3jXtiGNsSMeDBidU8-Wfm7,公益財団法人 佐賀県市町村振興協会,61.0,宮崎,https://www.siminplaza.com/&sa=U&ved=2ahUKEwjH07KB4Yv1AhWUad4KHS5rAe8QFnoECCcQAg&usg=AOvVaw2wUGTaOidOpj1SBxNS3QkQ,（公財）宮崎文化振興協会 宮崎市民プラザ 公式サイト
61,62,年末,https://www.michinokubank.co.jp/pickup/newyear.html&sa=U&ved=2ahUKEwiXzon74Iv1AhXTc94KHSm_BcsQFnoECCgQAg&usg=AOvVaw0pyWZ52YM6ZMxP_aWzTN4h,年末年始の営業について - みちのく銀行,62.0,佐賀,https://www2.sagawa-exp.co.jp/send/branch_search/tanto/town/%3Fa_id%3D3490%26s_id%3D0-9&sa=U&ved=2ahUKEwiDupH-4Iv1AhWHHHAKHTpbDmoQFnoECCYQAg&usg=AOvVaw081HUefoUKtJsh-PJjpn2U,担当営業所検索 - 佐川急便,62.0,宮崎,https://www.m-tokusan.or.jp/&sa=U&ved=2ahUKEwjH07KB4Yv1AhWUad4KHS5rAe8QFnoECCUQAg&usg=AOvVaw0PaQlFNAfFULTMlhY1mR8Y,公益社団法人 宮崎県物産貿易振興センター（みやざき物産館KONNE）
62,63,年末,https://mitsui-shopping-park.com/lalaport/tachikawa/info/2047512.html&sa=U&ved=2ahUKEwiXzon74Iv1AhXTc94KHSm_BcsQFnoECCYQAg&usg=AOvVaw2OfpDfC5yDhWicJ_7xCrBz,年末年始営業時間に関するお知らせ | ららぽーと立川立飛 - 三井 ...,63.0,佐賀,https://www.saga-ppc.jp/&sa=U&ved=2ahUKEwiDupH-4Iv1AhWHHHAKHTpbDmoQFnoECCQQAg&usg=AOvVaw2jbT11bbiGOuyKuYjNjD5U,公益財団法人佐賀県産業振興機構 さが県産品流通デザイン公社,63.0,宮崎,http://www.miya-shoko.or.jp/&sa=U&ved=2ahUKEwjH07KB4Yv1AhWUad4KHS5rAe8QFnoECCYQAg&usg=AOvVaw0LX7uRLp9ZGMTJx17mDUHw,宮崎県商工会連合会
63,64,年末,https://www.sogo-seibu.jp/ikebukuro/topics/page/1575771.html&sa=U&ved=2ahUKEwiXzon74Iv1AhXTc94KHSm_BcsQFnoECCcQAg&usg=AOvVaw1buRrPFPawVxd99xjDMIq0,年末年始営業時間のご案内 |西武池袋本店 - 西武・そごう,64.0,佐賀,https://infosaga.or.jp/&sa=U&ved=2ahUKEwiDupH-4Iv1AhWHHHAKHTpbDmoQFnoECCMQAg&usg=AOvVaw0DwNEqUBXl043CCWK-eo5S,佐賀県産業イノベーションセンター,64.0,宮崎,https://www.mhlw.go.jp/kouseiroudoushou/shozaiannai/roudoukyoku/miyazaki/&sa=U&ved=2ahUKEwjH07KB4Yv1AhWUad4KHS5rAe8QFnoECCQQAg&usg=AOvVaw1X01X7kHsXU3U0qYRgz-sa,宮崎県 - 厚生労働省
64,65,年末,https://www.city.funabashi.lg.jp/kurashi/gomi/001/p040253.html&sa=U&ved=2ahUKEwiXzon74Iv1AhXTc94KHSm_BcsQFnoECCUQAg&usg=AOvVaw2TfjkeMKwg1mVQ37yr1ABm,年末年始のごみ収集 - 船橋市,65.0,佐賀,https://www.fnn.jp/articles/-/292570&sa=U&ved=2ahUKEwiDupH-4Iv1AhWHHHAKHTpbDmoQFnoECCUQAg&usg=AOvVaw1Yol3knyrCDK0ig0kcdYL4,【速報】JR佐賀駅前の焼き肉店で火事 消火活動続く けが人の情報なし,65.0,宮崎,http://www.miyayaku.or.jp/&sa=U&ved=2ahUKEwjH07KB4Yv1AhWUad4KHS5rAe8QFnoECCIQAg&usg=AOvVaw2wh644MLqAKR6FVYHiENrN,一般社団法人 宮崎県薬剤師会 - トップ
65,66,年末,https://www.iwatebank.co.jp/branch/new_year_holiday_atm.html&sa=U&ved=2ahUKEwiXzon74Iv1AhXTc94KHSm_BcsQFnoECCQQAg&usg=AOvVaw0JkmOy2NjhcKxgudk-7_4e,年末年始のATMの営業について - 岩手銀行,66.0,佐賀,https://www.saga-sc.jp/&sa=U&ved=2ahUKEwiDupH-4Iv1AhWHHHAKHTpbDmoQFnoECCIQAg&usg=AOvVaw09iVQf67D2SdrFhXeZ8CAa,佐賀県スポーツコミッション,66.0,宮崎,https://www.amu-miyazaki.com/&sa=U&ved=2ahUKEwjH07KB4Yv1AhWUad4KHS5rAe8QFnoECCMQAg&usg=AOvVaw1TUvRyASMVQ3B3MRbWwpmr,アミュプラザみやざき 公式サイト｜2020年11月20日(金) GRAND ...
66,67,年末,https://faq.uniqlo.com/articles/FAQ/100007525&sa=U&ved=2ahUKEwiXzon74Iv1AhXTc94KHSm_BcsQFnoECCIQAg&usg=AOvVaw2t9r8tSxtW1Amsf6dxMHkF,［年末年始］ユニクロ店舗の営業について,67.0,佐賀,http://www.satokyo.jp/&sa=U&ved=2ahUKEwiDupH-4Iv1AhWHHHAKHTpbDmoQFnoECCEQAg&usg=AOvVaw268dyEDqzh0c04PikXD_Nj,公益社団法人佐賀県トラック協会,67.0,宮崎,https://www.sumitomokenki.co.jp/company/network/domestic/miyazaki/&sa=U&ved=2ahUKEwjH07KB4Yv1AhWUad4KHS5rAe8QFnoECCEQAg&usg=AOvVaw1slD8qDgdf9M1wYXOb48TO,宮崎支店 | 住友建機株式会社
67,68,年末,https://www.city.kakogawa.lg.jp/soshikikarasagasu/kankyobu/kankyodaiichika/gominodashikata_shushu/1482903088015.html&sa=U&ved=2ahUKEwiXzon74Iv1AhXTc94KHSm_BcsQFnoECCMQAg&usg=AOvVaw0axPKf62NMw5IUqqrZxxFt,年末・年始のごみ収集日程 - 加古川市,68.0,佐賀,https://www.town.miyaki.lg.jp/&sa=U&ved=2ahUKEwiDupH-4Iv1AhWHHHAKHTpbDmoQFnoECCAQAg&usg=AOvVaw2K6jHlRD5caQme5asvJijL,みやき町 ホーム,68.0,宮崎,https://mainichi.jp/miyazaki/&sa=U&ved=2ahUKEwjH07KB4Yv1AhWUad4KHS5rAe8QFnoECCAQAg&usg=AOvVaw12FrHkPuktGa_xeT3jqzG1,宮崎 | 毎日新聞
68,69,年末,https://network.mobile.rakuten.co.jp/shop/newyear/&sa=U&ved=2ahUKEwiXzon74Iv1AhXTc94KHSm_BcsQFnoECCEQAg&usg=AOvVaw0NY9fdw1VA973dfoBuwQs7,楽天モバイルショップ 年末年始営業について,69.0,佐賀,https://rtrp.jp/locations/256/&sa=U&ved=2ahUKEwiDupH-4Iv1AhWHHHAKHTpbDmoQFnoECB8QAg&usg=AOvVaw0R7gGZ-HETCDcq-ro5Mc7h,【2021最新】佐賀の人気スポットランキングTOP30 - RETRIP,69.0,宮崎,http://miyazaki-unyu.pr.miten.jp/&sa=U&ved=2ahUKEwjH07KB4Yv1AhWUad4KHS5rAe8QFnoECB8QAg&usg=AOvVaw3CV1SKvY-cONxu44C9EAdS,宮崎運輸株式会社 - 物流の効率化、コスト削減、1個の荷物から ...
69,70,年末,https://www.mlit.go.jp/jidosha/jidosha_tk2_000003.html&sa=U&ved=2ahUKEwiXzon74Iv1AhXTc94KHSm_BcsQFnoECCAQAg&usg=AOvVaw2VPzheHpUKVC_kgkA2u6Lm,令和3年度 年末年始の輸送等に関する安全総点検を実施しましょう ...,70.0,佐賀,https://saga-travelsupport.com/&sa=U&ved=2ahUKEwiDupH-4Iv1AhWHHHAKHTpbDmoQFnoECB4QAg&usg=AOvVaw2hAo_hb-a6hJxAd40B1Ge6,佐賀トラベルサポート: どがんしたと？,70.0,宮崎,https://www.miyazaki-kourei-kouiki.jp/&sa=U&ved=2ahUKEwjH07KB4Yv1AhWUad4KHS5rAe8QFnoECB4QAg&usg=AOvVaw0cYlC87zYV6fUASmSpNa0_,宮崎県後期高齢者医療広域連合
70,71,年末,https://www.city.hirakata.osaka.jp/0000036821.html&sa=U&ved=2ahUKEwiXzon74Iv1AhXTc94KHSm_BcsQFnoECB8QAg&usg=AOvVaw2PTczCGb9F4OpZR3OkI35q,令和3年度年末年始のごみ収集日 - 枚方市,71.0,佐賀,https://www.fmsaga.co.jp/&sa=U&ved=2ahUKEwiDupH-4Iv1AhWHHHAKHTpbDmoQFnoECB0QAg&usg=AOvVaw2VCjpK-iR0Hb6F9pMEXtp4,エフエム佐賀｜株式会社エフエム佐賀,71.0,宮崎,http://www.miyazaki-seiko.co.jp/&sa=U&ved=2ahUKEwjH07KB4Yv1AhWUad4KHS5rAe8QFnoECB0QAg&usg=AOvVaw0BBbq6SVFeGYWDNJ87xp8V,Today's Commitment Tomorrow's Technology 【宮崎精鋼株式会社】
71,72,年末,https://www.city.takasaki.gunma.jp/docs/2014121900048/&sa=U&ved=2ahUKEwiXzon74Iv1AhXTc94KHSm_BcsQFnoECB4QAg&usg=AOvVaw2KMDNMUQXdUBTe5JPTtzsA,年末年始のごみ処理について | 高崎市,72.0,佐賀,https://www.aeoncinema.com/cinema/sagayamato/&sa=U&ved=2ahUKEwiDupH-4Iv1AhWHHHAKHTpbDmoQFnoECBwQAg&usg=AOvVaw0F86eSSSfhUTTCe0IHTaa4,佐賀大和 - イオンシネマ,72.0,宮崎,https://www.jrkyushu.co.jp/maas/miyazaki/&sa=U&ved=2ahUKEwjH07KB4Yv1AhWUad4KHS5rAe8QFnoECBwQAg&usg=AOvVaw0NfHpKplfMpyzJ7xxN1p5s,my route 宮崎 私の楽しいに一直線 宮崎を自在におトクに｜JR九州
72,73,年末,http://www.city.takasaki.gunma.jp/about/kotei/nenmatunenshi.html&sa=U&ved=2ahUKEwiXzon74Iv1AhXTc94KHSm_BcsQFnoECBwQAg&usg=AOvVaw2YabrzhmV0JpYsYreXcl_C,年末年始の業務案内 | 高崎市,73.0,佐賀,https://www.sagaben.or.jp/&sa=U&ved=2ahUKEwiDupH-4Iv1AhWHHHAKHTpbDmoQFnoECBsQAg&usg=AOvVaw1elkjo887poaef5g129ajG,佐賀県弁護士会 | 佐賀県内の弁護士が相談にのります。,73.0,宮崎,https://www.kenritsu-miyazakibyouin.jp/&sa=U&ved=2ahUKEwjH07KB4Yv1AhWUad4KHS5rAe8QFnoECBoQAg&usg=AOvVaw0JTeh-PimVZvWuPWywb23z,宮崎県立宮崎病院｜地域とともに歩み 良質で高度な医療を提供する ...
73,74,年末,https://www.shinseibank.com/info/news2112_system.html&sa=U&ved=2ahUKEwiXzon74Iv1AhXTc94KHSm_BcsQFnoECBsQAg&usg=AOvVaw22OUjzer-Ax2NlQcC3lZ2Q,年末年始の営業日のご案内 | 新生銀行,74.0,佐賀,https://www.saga-sasaeai.com/&sa=U&ved=2ahUKEwiDupH-4Iv1AhWHHHAKHTpbDmoQFnoECBkQAg&usg=AOvVaw06g_oNdcSdwCl04rXh0U_U,佐賀支え愛 ‐大好きな佐賀を支えあうポータルサイト‐,74.0,宮崎,https://www.mia.or.jp/&sa=U&ved=2ahUKEwjH07KB4Yv1AhWUad4KHS5rAe8QFnoECBsQAg&usg=AOvVaw14ZKUXMKzwlbkk6iNlPdrv,一般社団法人宮崎県工業会 | Miyazaki Industrial Association
74,75,年末,https://www.a-bank.jp/contents/guide/tenpo_atm/nenmatsunenshi/index.html&sa=U&ved=2ahUKEwiXzon74Iv1AhXTc94KHSm_BcsQFnoECB0QAg&usg=AOvVaw2DZmKETgv3-OMrgIJhuHhe,年末年始 営業時間のご案内 - 青森銀行,75.0,佐賀,https://www.nishinippon.co.jp/item/n/854896/&sa=U&ved=2ahUKEwiDupH-4Iv1AhWHHHAKHTpbDmoQFnoECBoQAg&usg=AOvVaw1UgLBPW1Eftgv_egOy82XB,佐賀県で1人の感染を確認 新型コロナ - 西日本新聞,75.0,宮崎,https://www.jojinkai.com/miyazaki/&sa=U&ved=2ahUKEwjH07KB4Yv1AhWUad4KHS5rAe8QFnoECBkQAg&usg=AOvVaw29-OtP5_KnwYpsqWDh4uc9,TopPage - 宮崎医療センター病院
75,76,年末,https://www.japanpost.jp/information/2021/20211227167974.html&sa=U&ved=2ahUKEwiXzon74Iv1AhXTc94KHSm_BcsQFnoECBoQAg&usg=AOvVaw0NNcfUrSoLNDg79G6xlivJ,年末年始の配達および郵便局窓口・ATMの営業時間等について,76.0,佐賀,https://www.city.kanzaki.saga.jp/&sa=U&ved=2ahUKEwiDupH-4Iv1AhWHHHAKHTpbDmoQFnoECBgQAg&usg=AOvVaw26FoS1OSYNz4oXanIwBNV5,神埼市,76.0,宮崎,https://www.navitime.co.jp/address/45201/%25E5%25AE%25AE%25E5%25B4%258E%25E7%259C%258C%25E5%25AE%25AE%25E5%25B4%258E%25E5%25B8%2582/&sa=U&ved=2ahUKEwjH07KB4Yv1AhWUad4KHS5rAe8QFnoECBgQAg&usg=AOvVaw1hkOAGnI8Zb4UD_DrJlDYM,宮崎県宮崎市 - 住所を探す - NAVITIME
76,77,年末,https://weathernews.jp/s/topics/202112/300015/&sa=U&ved=2ahUKEwiXzon74Iv1AhXTc94KHSm_BcsQFnoECBkQAg&usg=AOvVaw33dgGYTvFDNfQOILgtgfxj,年末寒波が日本に襲来 今夜以降は大雪や吹雪に警戒 - ウェザー ...,77.0,佐賀,https://www.courts.go.jp/saga/index.html&sa=U&ved=2ahUKEwiDupH-4Iv1AhWHHHAKHTpbDmoQFnoECBcQAg&usg=AOvVaw3B1UIyuoyHo6KXxVWsjMSP,佐賀地方裁判所/佐賀家庭裁判所/佐賀県内の簡易裁判所｜裁判所,77.0,宮崎,https://www.kensatsu.go.jp/kakuchou/miyazaki/index.html&sa=U&ved=2ahUKEwjH07KB4Yv1AhWUad4KHS5rAe8QFnoECBcQAg&usg=AOvVaw0tI__CCyGx6zxYld9mwAjj,宮崎地方検察庁
77,78,年末,https://www.city.setagaya.lg.jp/mokuji/kurashi/004/002/d00182816_d/fil/nematunenshi.pdf&sa=U&ved=2ahUKEwiXzon74Iv1AhXTc94KHSm_BcsQFnoECBgQAg&usg=AOvVaw3hFqNfnB2hl_le7gZXWz4m,[PDF] 年末年始の資源・ごみ収集日一覧（2021 年∼2022 年）,78.0,佐賀,https://www2.wagmap.jp/saga-sp/&sa=U&ved=2ahUKEwiDupH-4Iv1AhWHHHAKHTpbDmoQFnoECBYQAg&usg=AOvVaw2Trf-NhCuqMzFO-oYS1wPq,ぐるっとさがナビ - wagmap.jp,78.0,宮崎,http://www.kyuden.co.jp/rate_reception_phone_miyazaki_index.html&sa=U&ved=2ahUKEwjH07KB4Yv1AhWUad4KHS5rAe8QFnoECBYQAg&usg=AOvVaw0tqRGEgpidypkGshEh-elL,宮崎県 - 九州電力
78,79,年末,https://www.jra.go.jp/news/202112/122901.html&sa=U&ved=2ahUKEwiXzon74Iv1AhXTc94KHSm_BcsQFnoECBcQAg&usg=AOvVaw1mEZeTE8xBG7uey_2umIuu,年末年始のJRAホームページの更新,79.0,佐賀,https://www.avance.or.jp/&sa=U&ved=2ahUKEwiDupH-4Iv1AhWHHHAKHTpbDmoQFnoECBUQAg&usg=AOvVaw3S5mv0TJ1LZ_CfVRnoZwTg,アバンセ(佐賀県女性と生涯学習財団） トップページ,79.0,宮崎,http://www.miyazaki-cci.or.jp/miyazaki/&sa=U&ved=2ahUKEwjH07KB4Yv1AhWUad4KHS5rAe8QFnoECBUQAg&usg=AOvVaw2m_qUXMlgmolegT2e_73sZ,宮崎商工会議所
79,80,年末,http://www.city.ota.tokyo.jp/oshirase/mokutekibetsu/other/nenmatsu-nenshi-madoguchi_h28.html&sa=U&ved=2ahUKEwiXzon74Iv1AhXTc94KHSm_BcsQFnoECBUQAg&usg=AOvVaw2b0vBABUM27A-2QfxiRtUh,年末年始の窓口案内 - 大田区,80.0,佐賀,https://ballooners.jp/&sa=U&ved=2ahUKEwiDupH-4Iv1AhWHHHAKHTpbDmoQFnoECBQQAg&usg=AOvVaw2sPFZbF3QbEyOHUsPcQTNI,佐賀バルーナーズ,80.0,宮崎,https://www.satellite-miyazaki.com/&sa=U&ved=2ahUKEwjH07KB4Yv1AhWUad4KHS5rAe8QFnoECBQQAg&usg=AOvVaw208qgui1lUpzjl6W6Dz2pp,宮崎で競輪を楽しむならけいりん場外車券売り場の『サテライト ...
80,81,年末,https://www.city.nishitokyo.lg.jp/siseizyoho/about/nenmastunenshi.html&sa=U&ved=2ahUKEwiXzon74Iv1AhXTc94KHSm_BcsQFnoECBQQAg&usg=AOvVaw0WI_MrB68lvLUomhPwPo6l,【年末年始】市の業務のご案内 - 西東京市,81.0,佐賀,https://www.nta.go.jp/about/organization/fukuoka/location/saga/saga/index.htm&sa=U&ved=2ahUKEwiDupH-4Iv1AhWHHHAKHTpbDmoQFnoECBMQAg&usg=AOvVaw04jCDfLRCHGEQ3jZ0PRepN,佐賀税務署 - 国税庁,81.0,宮崎,https://www.mcnet.ed.jp/nc/miyazaki-s/htdocs/&sa=U&ved=2ahUKEwjH07KB4Yv1AhWUad4KHS5rAe8QFnoECBMQAg&usg=AOvVaw1kyKkAdB8brY1OmwJ-ioaw,宮崎市立宮崎小学校 - 宮崎市教育情報研修センター
81,82,年末,https://www.city.yao.osaka.jp/0000031938.html&sa=U&ved=2ahUKEwiXzon74Iv1AhXTc94KHSm_BcsQFnoECBYQAg&usg=AOvVaw0GcIKl2P_Pqlb7SjyrednK,年末・年始用収集曜日カレンダー | 八尾市,82.0,佐賀,https://www.spira.or.jp/&sa=U&ved=2ahUKEwiDupH-4Iv1AhWHHHAKHTpbDmoQFnoECBIQAg&usg=AOvVaw1SFW-13Tb2w5zddz7M1qdL,公益財団法人 佐賀県国際交流協会,82.0,宮崎,https://www.cure.or.jp/jimukyoku/&sa=U&ved=2ahUKEwjH07KB4Yv1AhWUad4KHS5rAe8QFnoECBEQAg&usg=AOvVaw2N7LjZPynGTB6pcBpvyHWY,宮崎市郡医師会 事務局
82,83,年末,https://www.city.nara.lg.jp/soshiki/3/94474.html&sa=U&ved=2ahUKEwiXzon74Iv1AhXTc94KHSm_BcsQFnoECBMQAg&usg=AOvVaw0_-_ItKB5bPYT5OfHDsBYO,年末年始の奈良市の対応・ごみ・業務情報,83.0,佐賀,https://www.kyogin.co.jp/&sa=U&ved=2ahUKEwiDupH-4Iv1AhWHHHAKHTpbDmoQFnoECBEQAg&usg=AOvVaw07Km6q3AX_J1AnDOQXV-RA,佐賀共栄銀行 お客さまと未来へ,83.0,宮崎,https://www.jrkyushu-timetable.jp/cgi-bin/sp/sp-tt_list.cgi/28903&sa=U&ved=2ahUKEwjH07KB4Yv1AhWUad4KHS5rAe8QFnoECBIQAg&usg=AOvVaw2Cie5oeuWrgkna_f_jKTcH,宮崎駅 - 駅別時刻表 | JR九州
83,84,年末,https://www.city.tachikawa.lg.jp/kotsutaisaku/kururinnnennmatunennsi.html&sa=U&ved=2ahUKEwiXzon74Iv1AhXTc94KHSm_BcsQFnoECBIQAg&usg=AOvVaw1d32Ht6vRY_XDgNM1fNd4J,くるりんバス年末年始は臨時ダイヤで運行します | 立川市,84.0,佐賀,http://www.sagaken-shakyo.or.jp/&sa=U&ved=2ahUKEwiDupH-4Iv1AhWHHHAKHTpbDmoQFnoECBAQAg&usg=AOvVaw2KY75rmKLiycuxhkW6y1En,社会福祉法人 佐賀県社会福祉協議会,84.0,宮崎,http://www.joyfm.co.jp/&sa=U&ved=2ahUKEwjH07KB4Yv1AhWUad4KHS5rAe8QFnoECA8QAg&usg=AOvVaw35S016kes0XKyGFodgf8W8,JOY FM(FM宮崎)
84,85,年末,https://www.saitamaresona.co.jp/kojin/oshirase/detail_c/2021/2021_2022_nenmatsunenshi.html&sa=U&ved=2ahUKEwiXzon74Iv1AhXTc94KHSm_BcsQFnoECBAQAg&usg=AOvVaw1deh1kWO63gHp2Ab2tCTbh,年末年始期間中の営業時間・各種サービスご利用 ... - 埼玉りそな銀行,85.0,佐賀,https://saga.toyopet-dealer.jp/&sa=U&ved=2ahUKEwiDupH-4Iv1AhWHHHAKHTpbDmoQFnoECA8QAg&usg=AOvVaw2XM0RFuUiN9SV52UU_ueu9,トヨタ車のことなら佐賀トヨペット [公式WEBサイト],85.0,宮崎,https://miyazaki-ac.jp/&sa=U&ved=2ahUKEwjH07KB4Yv1AhWUad4KHS5rAe8QFnoECA4QAg&usg=AOvVaw2joW_nC8HGJcvoG4KvxBg-,メディキット県民文化センター
85,86,年末,https://www.city.tokyo-nakano.lg.jp/dept/473000/d027912.html&sa=U&ved=2ahUKEwiXzon74Iv1AhXTc94KHSm_BcsQFnoECBEQAg&usg=AOvVaw3PIQEhR-u315cPOlKSuWXG,年末年始のごみ収集・資源回収のお知らせ（2021年度） - 中野区,86.0,佐賀,https://www.saga-gas.co.jp/&sa=U&ved=2ahUKEwiDupH-4Iv1AhWHHHAKHTpbDmoQFnoECA0QAg&usg=AOvVaw21Nf5FXfYKFDdFHOwHtwNk,佐賀ガス株式会社 - 公式サイト｜ガス器具｜ガス機器｜リフォーム｜,86.0,宮崎,https://www.ii-nami.com/&sa=U&ved=2ahUKEwjH07KB4Yv1AhWUad4KHS5rAe8QFnoECBAQAg&usg=AOvVaw0pFpG_1IawIvUsIC5kE8r1,宮崎・福岡・鹿児島のサーフィン・波情報ライブカメラサイト「ii ...
86,87,年末,https://www.youtube.com/watch%3Fv%3DVGpNJilKxCY&sa=U&ved=2ahUKEwiXzon74Iv1AhXTc94KHSm_BcsQtwJ6BAgCEAE&usg=AOvVaw390b7srQHfs9lotBrXk4F_,帰省ラッシュで混雑 高速渋滞 コロナ禍2度目の年末年始 - YouTube,87.0,佐賀,https://www.sagaken-sports.com/&sa=U&ved=2ahUKEwiDupH-4Iv1AhWHHHAKHTpbDmoQFnoECAsQAg&usg=AOvVaw3ELFPEAE1C3nWNREUXhuC6,公益財団法人 佐賀県スポーツ協会,87.0,宮崎,https://www.satofull.jp/static/kyusyu/miyazaki.php&sa=U&ved=2ahUKEwjH07KB4Yv1AhWUad4KHS5rAe8QFnoECA0QAg&usg=AOvVaw0MfagT59sdeGEdEHgrmYM9,宮崎県(地域から探す) | ふるさと納税サイト「さとふる」
87,88,年末,https://www.youtube.com/watch%3Fv%3DVGpNJilKxCY&sa=U&ved=2ahUKEwiXzon74Iv1AhXTc94KHSm_BcsQuAJ6BAgCEAI&usg=AOvVaw3veRuVsBP-aMjem4iJRVWo,「年末」の動画,88.0,佐賀,https://www.chubu.saga.saga.jp/&sa=U&ved=2ahUKEwiDupH-4Iv1AhWHHHAKHTpbDmoQFnoECA4QAg&usg=AOvVaw1pOyg17iaRcwj25LkuxOTz,ホーム｜佐賀中部広域連合,88.0,宮崎,http://www.town.kunitomi.miyazaki.jp/&sa=U&ved=2ahUKEwjH07KB4Yv1AhWUad4KHS5rAe8QFnoECAsQAg&usg=AOvVaw0-GGWS_VnCgz2ijQEXDopU,国富町 トップページ
88,89,年末,https://www.city.minato.tokyo.jp/kouhou/nenmatsu.html&sa=U&ved=2ahUKEwiXzon74Iv1AhXTc94KHSm_BcsQFnoECA8QAg&usg=AOvVaw1ATb6AJJgxqrm5CWIrwQlX,年末年始のおしらせ一覧 - 港区,89.0,佐賀,http://sagayamato-aeonmall.com/&sa=U&ved=2ahUKEwiDupH-4Iv1AhWHHHAKHTpbDmoQFnoECAwQAg&usg=AOvVaw25DD7c4XzOR7vj-bTWdYh4,イオンモール佐賀大和公式ホームページ,89.0,宮崎,https://www.miyasankei-u.ac.jp/&sa=U&ved=2ahUKEwjH07KB4Yv1AhWUad4KHS5rAe8QFnoECAwQAg&usg=AOvVaw0YKl9pLnZ8Sw6EL9ADMGRc,宮崎産業経営大学
89,90,年末,https://www.pref.gunma.jp/01/b2100284.html&sa=U&ved=2ahUKEwiXzon74Iv1AhXTc94KHSm_BcsQFnoECA4QAg&usg=AOvVaw2tyajOzPZJSe1FJnvLdCNK,【年末年始】県立・県施設等の営業について - 群馬県,90.0,佐賀,https://www.saga-fc.jp/&sa=U&ved=2ahUKEwiDupH-4Iv1AhWHHHAKHTpbDmoQFnoECAoQAg&usg=AOvVaw3Q6keKlU6-znUTCp7XptLq,佐賀県フィルムコミッション,90.0,宮崎,https://www.miyazakidenshikiki.jp/&sa=U&ved=2ahUKEwjH07KB4Yv1AhWUad4KHS5rAe8QFnoECAkQAg&usg=AOvVaw3nH9ZOnDSEWHWdXCf5li6L,宮崎電子機器株式会社
90,91,年末,https://www.c-nexco.co.jp/topics/1316.html&sa=U&ved=2ahUKEwiXzon74Iv1AhXTc94KHSm_BcsQFnoECAwQAg&usg=AOvVaw07S2qeNd5QeNZOatSl0hxs,年末年始の渋滞予測ガイドの掲載について - NEXCO中日本,91.0,佐賀,https://saga.mypl.net/&sa=U&ved=2ahUKEwiDupH-4Iv1AhWHHHAKHTpbDmoQFnoECAkQAg&usg=AOvVaw3rLZdx2cbPXOwAIsbzBM3p,佐賀・神埼の地域情報サイト｜まいぷれ[佐賀・神埼],91.0,宮崎,https://www.i-port.or.jp/&sa=U&ved=2ahUKEwjH07KB4Yv1AhWUad4KHS5rAe8QFnoECAgQAg&usg=AOvVaw1lk2gj8rj3-TU15IfLVSUX,公益財団法人 宮崎県産業振興機構
91,92,年末,https://www.city.toyota.aichi.jp/shisetsu/kyugyo/1012163.html&sa=U&ved=2ahUKEwiXzon74Iv1AhXTc94KHSm_BcsQFnoECAsQAg&usg=AOvVaw062pTQsW3-fdAO3LTtVG80,年末年始の主な施設の休業予定 - 豊田市,92.0,佐賀,https://www.sagaidc.co.jp/&sa=U&ved=2ahUKEwiDupH-4Iv1AhWHHHAKHTpbDmoQFnoECAcQAg&usg=AOvVaw19Z3u7K4bOITsAFsi1w_fm,佐賀IDC | 佐賀県のデータセンター,92.0,宮崎,https://www.nta.go.jp/about/organization/kumamoto/location/miyazaki.htm&sa=U&ved=2ahUKEwjH07KB4Yv1AhWUad4KHS5rAe8QFnoECAcQAg&usg=AOvVaw24ns0JbDtbSxZ_jl4MFkZs,税務署所在地・案内（宮崎県） - 国税庁
92,93,年末,https://www.epson.jp/support/misc/kyugyo.htm&sa=U&ved=2ahUKEwiXzon74Iv1AhXTc94KHSm_BcsQFnoECAoQAg&usg=AOvVaw0xQ5_85NRPi7MUkF9mUwl5,年末年始休業期間中のお客様対応に関するご案内 - エプソン,93.0,佐賀,https://www.saga-nagasaki-dc.jp/&sa=U&ved=2ahUKEwiDupH-4Iv1AhWHHHAKHTpbDmoQFnoECAgQAg&usg=AOvVaw10ZMl5bR09vahwZpsKXWL9,佐賀・長崎デスティネーションキャンペーン,93.0,宮崎,https://www.miyazakihachimangu.or.jp/&sa=U&ved=2ahUKEwjH07KB4Yv1AhWUad4KHS5rAe8QFnoECAoQAg&usg=AOvVaw2n_m6zjaKhkKYXQ6ZMceiX,宮崎八幡宮
93,94,年末,https://www.city.gifu.lg.jp/kurashi/gomi/1014170/index.html&sa=U&ved=2ahUKEwiXzon74Iv1AhXTc94KHSm_BcsQFnoECAcQAg&usg=AOvVaw0Cz_TwiPQn-CA05sxuXiuU,年末・年始のごみ収集について｜岐阜市公式ホームページ,94.0,佐賀,https://www.rakuten.co.jp/f412015-saga/&sa=U&ved=2ahUKEwiDupH-4Iv1AhWHHHAKHTpbDmoQFnoECAMQAg&usg=AOvVaw1IvoxL-P7XtkXUWAW2HmpW,【楽天市場】ふるさと納税 佐賀県佐賀市,94.0,宮崎,https://www.hotel-areaone.com/miyazaki/&sa=U&ved=2ahUKEwjH07KB4Yv1AhWUad4KHS5rAe8QFnoECAIQAg&usg=AOvVaw0XYmgZ6P0AZRsQ-zC7X3Qm,【公式】| ホテルエリアワン宮崎
94,95,年末,https://www.dai-ichi-life.co.jp/information/maintenance.html&sa=U&ved=2ahUKEwiXzon74Iv1AhXTc94KHSm_BcsQFnoECAkQAg&usg=AOvVaw1hUg2b89rvOveycrjETOEU,年末年始休業のお知らせ - 第一生命,95.0,佐賀,https://saga-rian.com/&sa=U&ved=2ahUKEwiDupH-4Iv1AhWHHHAKHTpbDmoQFnoECAEQAg&usg=AOvVaw3MajeFTRt4XLdJ4rDEu0vm,佐賀市とその周辺情報いっぱいの地域密着サイト｜佐賀りあん ...,95.0,宮崎,https://www.city.nobeoka.miyazaki.jp/&sa=U&ved=2ahUKEwjH07KB4Yv1AhWUad4KHS5rAe8QFnoECAMQAg&usg=AOvVaw2ZxooDpXyYG1yCr5Ikuboc,延岡市公式ホームページ トップページ
95,96,年末,https://www.jorudan.co.jp/info/oomisoka/&sa=U&ved=2ahUKEwiXzon74Iv1AhXTc94KHSm_BcsQFnoECAgQAg&usg=AOvVaw0xYNROQmil0sTuY1cBHuGo,大晦日・年末年始ダイヤ情報2021-2022 - ジョルダン,96.0,佐賀,http://www.sagasake.or.jp/&sa=U&ved=2ahUKEwiDupH-4Iv1AhWHHHAKHTpbDmoQFnoECAQQAg&usg=AOvVaw3G__9skSR4fYzKp5TZodwJ,佐賀のお酒ポータルサイト 佐賀県酒造組合 SAGASAKE,96.0,宮崎,http://www.asahi.com/area/miyazaki/&sa=U&ved=2ahUKEwjH07KB4Yv1AhWUad4KHS5rAe8QFnoECAEQAg&usg=AOvVaw2zMZ4k5HPcyfy7j1gynL8r,地域 - 宮崎ニュース - 朝日新聞デジタル
96,97,年末,https://www.city.atsugi.kanagawa.jp/kurashi_tetsuzuki/gomi/3/27232.html&sa=U&ved=2ahUKEwiXzon74Iv1AhXTc94KHSm_BcsQFnoECAMQAg&usg=AOvVaw3Gv8pEBoDTN4j1MFs-i3yL,令和3年度の年末年始の収集日程について - 厚木市,97.0,佐賀,https://saga-mirai.jp/&sa=U&ved=2ahUKEwiDupH-4Iv1AhWHHHAKHTpbDmoQFnoECGUQAg&usg=AOvVaw1cgOqm9glcd4XfZNbDGR2A,トップページ | 公益財団法人佐賀未来創造基金,97.0,宮崎,https://www.hatumiya.org/&sa=U&ved=2ahUKEwjH07KB4Yv1AhWUad4KHS5rAe8QFnoECGUQAg&usg=AOvVaw0C1v-NnjEhTI4VxuvfhygR,一般社団法人 宮崎県発明協会
97,98,年末,https://www.pref.aichi.jp/soshiki/chikusan/mo-ttonomo-.html&sa=U&ved=2ahUKEwiXzon74Iv1AhXTc94KHSm_BcsQFnoECAQQAg&usg=AOvVaw1IpDd8X5-0aQok79YL0MJx,「モ〜ッと牛乳飲モ〜」キャンペーン 年末年始の牛乳・乳製品の ...,98.0,佐賀,https://www.saga-dental.or.jp/&sa=U&ved=2ahUKEwiDupH-4Iv1AhWHHHAKHTpbDmoQFnoECGIQAg&usg=AOvVaw3QhLSGUyBaWw5hfNDchuc2,佐賀県歯科医師会｜佐賀県内の歯、歯科に関する情報をお届けし ...,98.0,宮崎,https://www.courts.go.jp/miyazaki/index.html&sa=U&ved=2ahUKEwjH07KB4Yv1AhWUad4KHS5rAe8QFnoECGQQAg&usg=AOvVaw2JPYIuGs3AQdXKlf7xIZK-,宮崎地方裁判所/宮崎家庭裁判所/宮崎県内の簡易裁判所｜裁判所
98,99,年末,https://www.aeon-laketown.jp/mori/info/detail/info_341629.html&sa=U&ved=2ahUKEwiXzon74Iv1AhXTc94KHSm_BcsQFnoECAEQAg&usg=AOvVaw15a-DbMewWXgdztQFJVzMD,[2021-2022] 年末年始 営業時間のご案内 - イオンレイクタウン,,,,,,,,
99,100,年末,https://www.boy.co.jp/tenpo/newyear.html&sa=U&ved=2ahUKEwiXzon74Iv1AhXTc94KHSm_BcsQFnoECAAQAg&usg=AOvVaw2-tu8NjVm5tsoLDi8668bN,年末年始の窓口・ATM営業のご案内 - 横浜銀行,,,,,,,,
